date,Missouri,Mississippi,Yukon ,Rio Grande,Target Variable Rio Grande
2/1/2000,28.66,15.65,120.173,155.552,102.518
3/1/2000,24.84,42.91,25.042,61.937,155.552
4/1/2000,29.2,54.76,47.627,159.542,61.937
5/1/2000,3.43,58.47,86.291,122.878,159.542
6/1/2000,51.42,31.76,58.055,12.152,122.878
7/1/2000,11.52,57.88,126.181,81.803,12.152
8/1/2000,21.37,59.16,140.674,98.568,81.803
9/1/2000,39.12,47.2,84.144,197.387,98.568
10/1/2000,45.02,6.99,10.814,47.736,197.387
11/1/2000,6,33.54,33.837,11.059,47.736
12/1/2000,9.61,55.66,28.647,180.123,11.059
13/01/2000,9.61,56.35,65.137,118.804,180.123
14/01/2000,52.3,36.88,13.416,117.93,118.804
15/01/2000,32.03,58.72,120.673,56.033,117.93
16/01/2000,15.78,44.57,40.124,55.566,56.033
17/01/2000,23.3,6.52,138.559,125.119,55.566
18/01/2000,40.56,18.44,121.993,71.811,125.119
19/01/2000,12.53,19.48,133.959,153.598,71.811
20/01/2000,25.78,29.78,84.594,133.804,153.598
21/01/2000,11.17,33.58,25.595,66.243,133.804
22/01/2000,14.23,7.61,129.171,142.662,66.243
23/01/2000,34.09,54.72,50.951,206.156,142.662
24/01/2000,41.29,51.95,116.648,26.328,206.156
25/01/2000,47.92,14.69,77.875,203.342,26.328
26/01/2000,44.8,35.38,65.775,114.089,203.342
27/01/2000,13.04,27.21,45.838,172.202,114.089
28/01/2000,3.88,37.65,113.372,92.945,172.202
29/01/2000,3.87,42.82,124.203,131.508,92.945
30/01/2000,17.86,46.45,39.967,54.883,131.508
31/01/2000,12.85,47.86,39.908,46.199,54.883
1/2/2000,52.59,55.54,47.153,156.689,46.199
2/2/2000,58.34,46.79,96.653,150.496,156.689
3/2/2000,4.89,49.24,93.51,159.253,150.496
4/2/2000,24.61,10.87,105.488,160.852,159.253
5/2/2000,8.16,27.59,111.263,85.455,160.852
6/2/2000,20.57,8.82,90.101,45.799,85.455
7/2/2000,33.23,31.35,123.965,204.813,45.799
8/2/2000,34.79,4.74,35.821,60.873,204.813
9/2/2000,40.67,14.92,66.853,34.167,60.873
10/2/2000,56.44,34.94,33.693,4.677,34.167
11/2/2000,55.43,20.24,131.173,105.891,4.677
12/2/2000,4.96,46.67,41.961,17.568,105.891
13/02/2000,46.17,20.36,84.02,145.072,17.568
14/02/2000,23.25,32.2,34.1,207.12,145.072
15/02/2000,26.69,25.38,4.944,198.087,207.12
16/02/2000,7.93,25.16,117.721,30.102,198.087
17/02/2000,41.51,6.26,15.715,30.234,30.102
18/02/2000,15.05,4.99,118.926,204.509,30.234
19/02/2000,44.62,23.64,57.346,87.827,204.509
20/02/2000,59.44,21.91,20.626,173.773,87.827
21/02/2000,42.8,24.91,79.294,55.143,173.773
22/02/2000,7.15,16.87,33.599,116.325,55.143
23/02/2000,9.91,41.33,86.204,203.325,116.325
24/02/2000,32.05,52.1,22.168,140.059,203.325
25/02/2000,38.09,18.93,32.378,205.55,140.059
26/02/2000,52.37,47.34,72.239,184.367,205.55
27/02/2000,17.14,50.28,74.909,106.97,184.367
28/02/2000,43.63,29.9,89.127,173.849,106.97
29/02/2000,10.51,59.53,29.76,62.951,173.849
1/3/2000,48.44,34.43,120.465,87.501,62.951
2/3/2000,26.85,18.5,49.441,132.474,87.501
3/3/2000,24.43,34.47,134.537,126.479,132.474
4/3/2000,10.92,50.71,137.032,102.408,126.479
5/3/2000,49.11,15.25,9.344,11.667,102.408
6/3/2000,33.02,18.49,144.081,63.679,11.667
7/3/2000,6.4,4.83,42.225,143.432,63.679
8/3/2000,38.86,52.5,84.811,129.636,143.432
9/3/2000,45.88,27.5,78.121,55.316,129.636
10/3/2000,39.53,33.01,23.807,86.619,55.316
11/3/2000,46.97,40.16,12.795,57.811,86.619
12/3/2000,14.39,54.82,125.467,194.052,57.811
13/03/2000,49.06,40.41,40.702,36.93,194.052
14/03/2000,16.56,13.57,62.103,137.101,36.93
15/03/2000,29.07,23.48,100.171,204.157,137.101
16/03/2000,50.48,19.26,88.926,141.213,204.157
17/03/2000,55.86,54.35,49.449,169.222,141.213
18/03/2000,26.34,12.95,84.828,153.112,169.222
19/03/2000,5.38,28.43,81.476,181.8,153.112
20/03/2000,36.77,59.76,82.648,184.105,181.8
21/03/2000,5.4,26.57,42.023,174.586,184.105
22/03/2000,19.29,20.53,38.14,72.654,174.586
23/03/2000,23.75,44.04,55.172,174.101,72.654
24/03/2000,49.47,7.14,104.482,138.972,174.101
25/03/2000,13.46,37.57,75.557,95.124,138.972
26/03/2000,21.66,55.76,95.212,170.138,95.124
27/03/2000,46.18,58.68,6.823,164.723,170.138
28/03/2000,26.54,10.51,68.068,127.309,164.723
29/03/2000,42.94,21.13,127.289,182.734,127.309
30/03/2000,3.17,10.78,89.723,136.66,182.734
31/03/2000,38.68,25.14,120.037,176.31,136.66
1/4/2000,12.92,4.36,58.549,150.764,176.31
2/4/2000,23.41,53.31,23.449,201.652,150.764
3/4/2000,10.69,20.89,49.132,172.725,201.652
4/4/2000,51.04,37.38,45.559,49.323,172.725
5/4/2000,36.03,20.55,115.981,41.421,49.323
6/4/2000,55,33.85,46.995,55.343,41.421
7/4/2000,36.16,32.69,140.194,13.212,55.343
8/4/2000,26.44,34.25,133.686,16.82,13.212
9/4/2000,3.17,28.46,88.157,75.804,16.82
10/4/2000,7.66,6.53,84.324,80.563,75.804
11/4/2000,51.42,40.92,76.205,49.75,80.563
12/4/2000,11.87,30.88,129.259,85.578,49.75
13/04/2000,39.68,11.47,58.035,145.396,85.578
14/04/2000,57.19,10.21,20.257,93.052,145.396
15/04/2000,39.08,13.42,78.116,54.418,93.052
16/04/2000,25.63,15.62,38.251,6.938,54.418
17/04/2000,36.29,45.4,130.195,125.959,6.938
18/04/2000,14.9,33.04,44.331,33.811,125.959
19/04/2000,43.96,18.86,126.076,155.439,33.811
20/04/2000,40.83,25.68,7.282,44.357,155.439
21/04/2000,21.38,8.81,45.057,77.921,44.357
22/04/2000,5.96,14.68,67.781,198.343,77.921
23/04/2000,20.38,6.43,130.253,207.006,198.343
24/04/2000,7.31,42.69,97.989,117.599,207.006
25/04/2000,10.9,51.59,126.329,106.384,117.599
26/04/2000,41.28,37.45,123.92,190.781,106.384
27/04/2000,58.96,21.45,74.91,184.359,190.781
28/04/2000,30.83,55.78,107.824,95.656,184.359
29/04/2000,43.48,40.02,101.338,133.021,95.656
30/04/2000,54.28,25.95,76.267,81.533,133.021
1/5/2000,55.52,4.4,36.905,189.708,81.533
2/5/2000,17.85,32.22,14.645,148.026,189.708
3/5/2000,23.15,14.94,69.656,97.77,148.026
4/5/2000,12.53,23.66,50.877,165.743,97.77
5/5/2000,56.62,41.67,30.001,162.069,165.743
6/5/2000,24.33,17.97,135.149,191.845,162.069
7/5/2000,29.8,4.63,5.872,9.508,191.845
8/5/2000,12.59,16.93,129.359,76.206,9.508
9/5/2000,57.57,56.53,92.464,28.373,76.206
10/5/2000,45.24,51.39,85.989,23.794,28.373
11/5/2000,52.53,54.37,94.281,92.875,23.794
12/5/2000,11.37,44.38,113.471,153.847,92.875
13/05/2000,38.32,5.52,3.174,18.056,153.847
14/05/2000,37.4,19.87,108.741,182.009,18.056
15/05/2000,41.77,48.27,16.058,130.424,182.009
16/05/2000,36.43,13.66,100.072,205.015,130.424
17/05/2000,14.32,22.76,57.909,168.493,205.015
18/05/2000,37.6,4.7,137.323,8.346,168.493
19/05/2000,24.32,14.28,36.741,42.425,8.346
20/05/2000,44.13,19.41,124.133,97.998,42.425
21/05/2000,15.34,4.5,68.015,36.842,97.998
22/05/2000,6.29,36.37,88.699,185.034,36.842
23/05/2000,3.1,45.97,60.147,201.263,185.034
24/05/2000,15.39,30.23,97.227,180.455,201.263
25/05/2000,7.74,27.04,55.862,201.093,180.455
26/05/2000,41.12,42.96,50.941,155.934,201.093
27/05/2000,53.43,42.18,104.576,196.786,155.934
28/05/2000,30.41,11.93,72.708,166.069,196.786
29/05/2000,29.65,58.1,32.394,78.791,166.069
30/05/2000,28.35,17.39,72.045,188.883,78.791
31/05/2000,46.37,7.94,18.431,6.422,188.883
1/6/2000,44.05,30.44,36.076,86.041,6.422
2/6/2000,57.16,55.86,43.578,143.089,86.041
3/6/2000,17.33,29.51,108.827,155.331,143.089
4/6/2000,47.4,58.46,50.545,94.28,155.331
5/6/2000,5.84,39.75,84.263,171.77,94.28
6/6/2000,7.69,54.58,127.576,148.019,171.77
7/6/2000,32.29,29.97,53.41,56.12,148.019
8/6/2000,13.84,39.57,143.743,173.289,56.12
9/6/2000,26.01,52.16,69.172,135.185,173.289
10/6/2000,32.4,55.61,62.059,136.113,135.185
11/6/2000,46.72,17.7,92.414,183.281,136.113
12/6/2000,3.48,12.38,39.064,108.326,183.281
13/06/2000,27.07,52.34,23.051,57.541,108.326
14/06/2000,28.44,13.26,29.961,86.374,57.541
15/06/2000,15.25,57.99,112.574,114.85,86.374
16/06/2000,55.58,51.25,78.934,7.872,114.85
17/06/2000,16.18,10.96,6.256,60.437,7.872
18/06/2000,22.01,22.54,87.649,208.661,60.437
19/06/2000,5.61,18.21,91.888,169.279,208.661
20/06/2000,41.58,5.62,110.034,9.727,169.279
21/06/2000,41.58,41.04,51.764,185.048,9.727
22/06/2000,56.71,49.3,90.814,91.595,185.048
23/06/2000,54.18,26.94,135,96.975,91.595
24/06/2000,55.91,33.88,83.878,166.787,96.975
25/06/2000,26.35,14.7,24.472,12.93,166.787
26/06/2000,30.32,19.32,45.635,28.739,12.93
27/06/2000,9.73,57.11,29.156,127.515,28.739
28/06/2000,5.56,16.14,44.853,142.321,127.515
29/06/2000,36.53,16.7,15.524,136.833,142.321
30/06/2000,36.36,48.75,97.102,57.586,136.833
1/7/2000,58.98,14.41,31.97,168.371,57.586
2/7/2000,7.27,59.7,28.249,15.873,168.371
3/7/2000,55.28,22.8,88.003,109.566,15.873
4/7/2000,56.59,32.19,75.99,67.144,109.566
5/7/2000,22.9,39.89,126.072,40.009,67.144
6/7/2000,40.2,35.24,117.456,203.086,40.009
7/7/2000,6.66,37.46,3.788,155.748,203.086
8/7/2000,27.77,7.59,100.228,44.996,155.748
9/7/2000,49.01,30.08,128.433,199.878,44.996
10/7/2000,39.14,3.08,61.67,207.22,199.878
11/7/2000,52.18,57.98,75.004,170.035,207.22
12/7/2000,10.33,10.34,132.979,171.607,170.035
13/07/2000,11.54,6.49,72.377,24.448,171.607
14/07/2000,11.67,38.78,126.352,20.246,24.448
15/07/2000,29.68,24.37,55.373,142.345,20.246
16/07/2000,7.07,46.43,130.132,16.109,142.345
17/07/2000,42.2,21.83,122.737,68.544,16.109
18/07/2000,6.25,13.39,138.873,165.353,68.544
19/07/2000,31.17,16.91,53.329,62.451,165.353
20/07/2000,52.08,15.46,144.569,28.037,62.451
21/07/2000,27.89,34.98,121.538,54.401,28.037
22/07/2000,59.76,21.56,90.804,202.606,54.401
23/07/2000,29.44,49.98,127.022,72.051,202.606
24/07/2000,59.8,51.78,122.729,161.829,72.051
25/07/2000,15.77,27.76,122.944,4.741,161.829
26/07/2000,56.79,47.07,26.989,92.021,4.741
27/07/2000,57.92,44.74,92.02,9.214,92.021
28/07/2000,6.66,20.8,65.212,190.497,9.214
29/07/2000,4.95,23.75,105.776,110.272,190.497
30/07/2000,13.76,56.11,111.713,56.278,110.272
31/07/2000,46.76,4,80.679,72.433,56.278
1/8/2000,8.99,53.93,98.17,152.914,72.433
2/8/2000,56.64,44.2,106.685,30.774,152.914
3/8/2000,29.3,57.26,47.952,37.484,30.774
4/8/2000,35.26,36.77,112.44,23.195,37.484
5/8/2000,17.13,6.28,119.708,90.792,23.195
6/8/2000,12.77,56.09,114.533,25.405,90.792
7/8/2000,24.85,43.68,90.895,205.912,25.405
8/8/2000,43.75,27.67,111.296,177.69,205.912
9/8/2000,8.75,54.45,19.202,32.995,177.69
10/8/2000,35.01,9.41,59.777,76.479,32.995
11/8/2000,36.49,17.42,101.486,193.31,76.479
12/8/2000,29.42,51.05,105.912,146.565,193.31
13/08/2000,15.65,30.2,23.271,86.645,146.565
14/08/2000,48.04,14.19,98.482,202.939,86.645
15/08/2000,47.54,12.76,3.967,16.307,202.939
16/08/2000,25.67,51.17,102.789,91.767,16.307
17/08/2000,25.48,16.28,128.814,157.355,91.767
18/08/2000,17.18,17.46,32.948,43.541,157.355
19/08/2000,31.89,48.46,18.797,52.02,43.541
20/08/2000,54.51,23.43,139.988,120.487,52.02
21/08/2000,12.53,50.7,89.046,205.734,120.487
22/08/2000,43.04,4.96,115.364,62.212,205.734
23/08/2000,41.71,58.28,27.079,88.039,62.212
24/08/2000,57.6,50.23,50.211,101.718,88.039
25/08/2000,23.33,6.01,25.703,201.714,101.718
26/08/2000,3.67,31,51.358,6.555,201.714
27/08/2000,41.63,49.85,128.106,60.77,6.555
28/08/2000,49.63,45.06,112.482,27.768,60.77
29/08/2000,33.35,42.44,8.309,151.657,27.768
30/08/2000,35.38,10.05,15.297,43.522,151.657
31/08/2000,53.66,14.18,126.483,78.605,43.522
1/9/2000,44.94,35.1,97.18,53.865,78.605
2/9/2000,49.47,3.83,88.837,109.024,53.865
3/9/2000,20.34,33.53,11.835,48.58,109.024
4/9/2000,25.97,38.65,38.621,48.606,48.58
5/9/2000,34.63,6.13,112.155,158.555,48.606
6/9/2000,42.78,57.66,133.029,124.044,158.555
7/9/2000,39.85,32.76,40.094,120.13,124.044
8/9/2000,22.29,31.51,126.698,32.613,120.13
9/9/2000,49.94,36.01,92.382,112.385,32.613
10/9/2000,13.84,16.85,23.307,158.818,112.385
11/9/2000,28.44,15.07,82.417,14.336,158.818
12/9/2000,58.26,36.58,76.973,175.862,14.336
13/09/2000,39.16,44.77,60.753,60.971,175.862
14/09/2000,47.57,8.51,117.31,99.895,60.971
15/09/2000,46.11,21.6,40.726,3.819,99.895
16/09/2000,16.65,28.01,16.32,4.372,3.819
17/09/2000,48.59,44.02,10.497,123.666,4.372
18/09/2000,27.73,14.27,116.021,87.86,123.666
19/09/2000,42.92,36.23,20.456,81.416,87.86
20/09/2000,6.91,10.9,142.184,39.366,81.416
21/09/2000,31.98,51.34,20.22,88.135,39.366
22/09/2000,38.65,58.41,69.588,172.834,88.135
23/09/2000,47.87,59.26,30.764,140.634,172.834
24/09/2000,3.72,42.83,69.222,207.604,140.634
25/09/2000,33.08,18.92,96.121,161.03,207.604
26/09/2000,56.72,53.88,66.634,158.008,161.03
27/09/2000,50.38,39.48,45.075,118.934,158.008
28/09/2000,45.19,19.98,90.304,18.67,118.934
29/09/2000,47.15,30.35,15.512,75.593,18.67
30/09/2000,14,25.26,17.778,190.563,75.593
1/10/2000,12.45,59.82,5.358,90.424,190.563
2/10/2000,35.42,53.47,21.934,179.528,90.424
3/10/2000,38.05,50.55,59.662,66.446,179.528
4/10/2000,23.71,31.34,44.464,35.434,66.446
5/10/2000,42.65,16.67,129.027,67.98,35.434
6/10/2000,12.69,55.82,90.317,44.965,67.98
7/10/2000,27.39,28.29,66.829,163.729,44.965
8/10/2000,56.99,30.41,30.988,207.427,163.729
9/10/2000,13.52,27.71,7.254,141.6,207.427
10/10/2000,10.38,31.68,18.368,42.486,141.6
11/10/2000,23.32,18.46,37.392,144.997,42.486
12/10/2000,44.36,4.94,50.166,21.886,144.997
13/10/2000,5.24,36.15,15.823,118.898,21.886
14/10/2000,7.63,14.93,15.071,64.594,118.898
15/10/2000,6.78,18.73,72.266,137.913,64.594
16/10/2000,54.83,16.16,115.482,175.198,137.913
17/10/2000,13.36,6.27,125.459,167.967,175.198
18/10/2000,29.72,48.37,62.4,58.971,167.967
19/10/2000,30.63,30.15,52.669,5.689,58.971
20/10/2000,18.72,36.94,33.744,64.399,5.689
21/10/2000,58.82,23.91,127.465,155.214,64.399
22/10/2000,22.25,43.95,144.6,195.555,155.214
23/10/2000,52.14,25.43,125.794,198.825,195.555
24/10/2000,24.61,34.97,22.627,173.383,198.825
25/10/2000,26.92,8.62,76.969,143.113,173.383
26/10/2000,7.25,30.42,141.047,89.895,143.113
27/10/2000,20.84,40.34,71.582,117.6,89.895
28/10/2000,41.47,13.2,138.492,164.203,117.6
29/10/2000,5.8,16.01,64.027,181.709,164.203
30/10/2000,34.44,54.2,92.022,15.345,181.709
31/10/2000,15.08,7.9,67.672,53.367,15.345
1/11/2000,57.55,6.67,24.211,159.559,53.367
2/11/2000,44.56,34.44,116.674,146.427,159.559
3/11/2000,51.55,59.65,136.016,206.991,146.427
4/11/2000,59.53,49.67,60.379,37.076,206.991
5/11/2000,34.91,49.05,80.393,202.491,37.076
6/11/2000,29.16,4.37,27.845,163.198,202.491
7/11/2000,49.76,18.14,84.627,145.462,163.198
8/11/2000,41.33,16.39,117.802,207.342,145.462
9/11/2000,55.35,54.44,103.517,98.433,207.342
10/11/2000,3.11,34.35,48.044,151.665,98.433
11/11/2000,50.86,49.07,108.99,18.582,151.665
12/11/2000,27.2,23.71,85.801,8.093,18.582
13/11/2000,9.14,10.39,140.68,72.993,8.093
14/11/2000,43.74,29.19,143.247,46.788,72.993
15/11/2000,11.31,13.71,31.018,201.56,46.788
16/11/2000,42.8,17.08,107.457,118.336,201.56
17/11/2000,50.32,30.37,108.966,114.099,118.336
18/11/2000,12.14,34.51,99.764,95.23,114.099
19/11/2000,49.77,49.26,97.788,56.773,95.23
20/11/2000,12.27,17.83,25.899,200.888,56.773
21/11/2000,5.73,57.31,105.939,144.61,200.888
22/11/2000,45.04,31.69,108.283,134.666,144.61
23/11/2000,39.78,28.96,110.212,185.71,134.666
24/11/2000,34.9,12.74,13.776,199.367,185.71
25/11/2000,34.98,7.3,14.976,139.031,199.367
26/11/2000,30.64,31.37,73.522,74.975,139.031
27/11/2000,10.92,13.65,56.144,91.56,74.975
28/11/2000,56.13,31.32,98.415,165.216,91.56
29/11/2000,55.12,5.21,127.893,33.725,165.216
30/11/2000,46.76,6.97,15.289,24.792,33.725
1/12/2000,13.79,50.87,17.968,109.221,24.792
2/12/2000,5.77,15.9,144.378,81.224,109.221
3/12/2000,35.32,19.74,10.965,163.197,81.224
4/12/2000,52.01,55.43,112.75,146.275,163.197
5/12/2000,47.53,19.8,13.222,192.91,146.275
6/12/2000,23.56,46.31,126.527,111.019,192.91
7/12/2000,27.32,58.43,47.908,25.678,111.019
8/12/2000,40.55,43.34,14.338,73.229,25.678
9/12/2000,29.06,28.95,72.817,20.327,73.229
10/12/2000,52.89,30.01,134.982,198.046,20.327
11/12/2000,10.18,5.6,43.708,194.891,198.046
12/12/2000,13.96,12.45,119.544,3.459,194.891
13/12/2000,9.01,13.37,38.788,120.965,3.459
14/12/2000,39.89,58.75,30.133,142.918,120.965
15/12/2000,33.09,54.77,84.202,176.472,142.918
16/12/2000,5.62,47.05,33.907,16.412,176.472
17/12/2000,49.5,29.48,53.684,94.407,16.412
18/12/2000,58.08,45.56,8.255,71.823,94.407
19/12/2000,13.99,3.47,78.329,51.972,71.823
20/12/2000,40.38,22.19,101.026,11.724,51.972
21/12/2000,34.8,57.02,129.618,27.363,11.724
22/12/2000,47.37,54.71,9.556,91.548,27.363
23/12/2000,6.83,25.71,64.309,88.764,91.548
24/12/2000,15.33,37.1,100.036,46.387,88.764
25/12/2000,57.36,39.85,65.606,129.858,46.387
26/12/2000,5.33,34.21,62.915,171.989,129.858
27/12/2000,48.86,31.89,46.819,48.362,171.989
28/12/2000,30.42,36.31,27.72,154.326,48.362
29/12/2000,8.19,58.73,140.826,195.93,154.326
30/12/2000,33.51,48.64,48.283,131.36,195.93
31/12/2000,8.58,13.84,122.865,32.032,131.36
1/1/2001,53.77,26.01,80.656,125.457,32.032
2/1/2001,20.33,23.27,93.559,149.75,125.457
3/1/2001,31.09,26.65,142.193,11.246,149.75
4/1/2001,49.29,43.69,79.145,90.103,11.246
5/1/2001,44.89,15.11,15.256,135.141,90.103
6/1/2001,9.58,13.79,92.206,86.345,135.141
7/1/2001,26.28,28.03,7.239,77.033,86.345
8/1/2001,8.1,36.74,81.044,175.638,77.033
9/1/2001,24.68,12.23,98.152,49.278,175.638
10/1/2001,41.63,40.74,115.262,96.112,49.278
11/1/2001,44.63,44.69,129.087,40.932,96.112
12/1/2001,53.78,33.17,117.011,43.904,40.932
13/01/2001,30.68,40.42,139.7,28.148,43.904
14/01/2001,38.59,10.46,91.696,138.273,28.148
15/01/2001,48.8,36.79,70.721,65.635,138.273
16/01/2001,43.08,49.03,22.929,195.381,65.635
17/01/2001,18.78,50.95,90.233,44.629,195.381
18/01/2001,34.58,44.89,91.921,112.023,44.629
19/01/2001,39.35,35.96,70.115,5.241,112.023
20/01/2001,15.31,38.64,62.367,80.22,5.241
21/01/2001,43.77,23.61,41.667,108.868,80.22
22/01/2001,17.04,38.05,72.946,36.91,108.868
23/01/2001,11.57,51.27,45.101,207.715,36.91
24/01/2001,17.53,4.17,31.524,45.261,207.715
25/01/2001,51.46,34.1,5.255,134.517,45.261
26/01/2001,14.63,45.15,9.557,7.512,134.517
27/01/2001,7.32,30.16,7.038,118.3,7.512
28/01/2001,30.32,22.26,93.968,7.753,118.3
29/01/2001,40.19,17.34,130.821,109.792,7.753
30/01/2001,25.07,58.58,57.685,175.703,109.792
31/01/2001,10.31,42,109.951,58.654,175.703
1/2/2001,7.02,41.03,64.535,140.955,58.654
2/2/2001,7.96,10.84,50.746,44.755,140.955
3/2/2001,20.27,23.89,26.333,66.046,44.755
4/2/2001,51.12,40.94,20.325,114.832,66.046
5/2/2001,57.78,28.72,132.711,15.867,114.832
6/2/2001,49.6,18.66,6.015,65.09,15.867
7/2/2001,38.85,3.34,17.26,43.496,65.09
8/2/2001,18.81,44.15,68.092,15.102,43.496
9/2/2001,56.09,59.29,25.975,200.897,15.102
10/2/2001,4.9,41.15,133.586,195.415,200.897
11/2/2001,9.52,18.38,79.991,91.813,195.415
12/2/2001,35.02,57.78,144.396,12.693,91.813
13/02/2001,28.44,16.18,123.906,6.717,12.693
14/02/2001,5.66,26.08,112.734,129.356,6.717
15/02/2001,28.45,34.81,3.492,74.979,129.356
16/02/2001,20.06,22.61,107.633,67.346,74.979
17/02/2001,40.76,39,85.369,11.214,67.346
18/02/2001,41.11,5.37,22.396,128.956,11.214
19/02/2001,8.98,48.57,85.268,65.524,128.956
20/02/2001,56.78,53.97,22.843,25.131,65.524
21/02/2001,37.29,44.58,141.39,3.983,25.131
22/02/2001,58,11.46,102.532,60.352,3.983
23/02/2001,35.21,55.68,41.445,205.235,60.352
24/02/2001,5.36,44.29,99.539,53.184,205.235
25/02/2001,38.44,24.42,105.895,38.894,53.184
26/02/2001,19.73,39.53,5.452,201.466,38.894
27/02/2001,56.5,29.22,123.776,178.263,201.466
28/02/2001,26.83,32.86,94.704,125.841,178.263
1/3/2001,4.69,21.09,83.239,73.79,125.841
2/3/2001,56.26,35.13,100.734,206.026,73.79
3/3/2001,12.97,44.65,49.448,87.669,206.026
4/3/2001,15.55,10.67,69.142,158.637,87.669
5/3/2001,52.78,12.02,3.655,69.821,158.637
6/3/2001,8.25,20.35,34.01,166.567,69.821
7/3/2001,41.83,28.38,109.552,69.11,166.567
8/3/2001,18.65,39.79,57.183,28.681,69.11
9/3/2001,52.13,38.06,88.119,57.974,28.681
10/3/2001,30.29,40.73,97.173,93.552,57.974
11/3/2001,12.94,45.61,80.685,175.607,93.552
12/3/2001,10.24,38.27,14.543,197.308,175.607
13/03/2001,31.51,30.81,14.276,52.876,197.308
14/03/2001,7.97,56.52,73.655,117.926,52.876
15/03/2001,37.66,43.92,57.426,151.278,117.926
16/03/2001,19.68,42.28,129.492,25.056,151.278
17/03/2001,41.53,21.98,80.432,146.169,25.056
18/03/2001,3.83,3.82,99.937,100.263,146.169
19/03/2001,30.4,54,105.004,23.097,100.263
20/03/2001,44.86,47.74,78.156,80.025,23.097
21/03/2001,57.41,13.9,56.776,31.884,80.025
22/03/2001,30.08,16.41,39.732,40.178,31.884
23/03/2001,50.94,10.12,26.671,34.266,40.178
24/03/2001,8.07,12.03,107.177,68.341,34.266
25/03/2001,49.75,56.4,70.35,64.083,68.341
26/03/2001,16.58,60,93.217,32.323,64.083
27/03/2001,37.21,43.97,36.821,113.001,32.323
28/03/2001,49.25,57.19,111.643,101.006,113.001
29/03/2001,29.4,14.5,37.837,48.971,101.006
30/03/2001,29.76,42.27,122.312,119.099,48.971
31/03/2001,50.31,51.36,96.877,199.686,119.099
1/4/2001,55.76,15.19,14.825,45.566,199.686
2/4/2001,10.67,45.32,36.542,75.519,45.566
3/4/2001,59.94,5.39,119.31,19.628,75.519
4/4/2001,10.31,33.72,96.359,123.426,19.628
5/4/2001,16.9,6.71,93.845,78.912,123.426
6/4/2001,3.69,22.5,74.44,143.428,78.912
7/4/2001,59.72,14.67,13.298,187.424,143.428
8/4/2001,34.64,35.45,139.568,157.095,187.424
9/4/2001,8.88,31.3,9.283,168.236,157.095
10/4/2001,40.74,35.98,93.467,116.324,168.236
11/4/2001,38.25,22.11,43.158,83.751,116.324
12/4/2001,24.55,55.89,77.107,172.777,83.751
13/04/2001,22.16,5.05,11.665,119.146,172.777
14/04/2001,28.4,36.76,122.906,41.405,119.146
15/04/2001,5.18,58.37,133.466,163.981,41.405
16/04/2001,36.34,21.59,72.223,193.483,163.981
17/04/2001,44.18,28.68,135.599,20.924,193.483
18/04/2001,40.01,13.94,55.486,75.355,20.924
19/04/2001,42.99,53.2,98.668,158.896,75.355
20/04/2001,23.47,46.92,98.191,21.295,158.896
21/04/2001,28.04,36.93,20.235,209.912,21.295
22/04/2001,26.82,42.92,14.064,165.011,209.912
23/04/2001,39.69,22.75,107.954,169.244,165.011
24/04/2001,33.79,54.84,83.561,86.987,169.244
25/04/2001,7.53,21.54,117.134,100.666,86.987
26/04/2001,9.64,35.99,21.969,179.231,100.666
27/04/2001,27.78,40.97,70.317,124.204,179.231
28/04/2001,38.77,18.99,104.386,77.667,124.204
29/04/2001,41.4,19.02,99.899,206.387,77.667
30/04/2001,40.62,46.1,132.043,43.569,206.387
1/5/2001,53.42,30.02,135.337,5.679,43.569
2/5/2001,3.68,15.97,20.067,155.62,5.679
3/5/2001,5.47,39.33,144.284,167.296,155.62
4/5/2001,18.78,31.82,24.118,179.702,167.296
5/5/2001,56.27,4.07,74.706,97.391,179.702
6/5/2001,49.56,35.44,104.851,164.263,97.391
7/5/2001,58.78,5.36,135.724,148.664,164.263
8/5/2001,33.5,3.18,116.741,158.339,148.664
9/5/2001,9.09,16.94,98.625,19.257,158.339
10/5/2001,48.55,25.59,132.603,35.97,19.257
11/5/2001,58.15,40.06,26.639,155.349,35.97
12/5/2001,51.75,26.17,139.054,68.195,155.349
13/05/2001,4.18,14.97,84.899,102.666,68.195
14/05/2001,56.05,17.51,22.767,95.438,102.666
15/05/2001,24.95,35.75,133.872,139.216,95.438
16/05/2001,17.62,31.07,30.842,44.564,139.216
17/05/2001,44.17,58.77,123.161,195.51,44.564
18/05/2001,24.27,51.32,117.483,135.791,195.51
19/05/2001,39.64,11.35,43.397,191.253,135.791
20/05/2001,25.34,42.02,51.458,58.055,191.253
21/05/2001,43.6,22.31,132.741,150.139,58.055
22/05/2001,5.48,30.99,71.724,52.15,150.139
23/05/2001,11.25,4.87,89.365,61.244,52.15
24/05/2001,26.86,25.57,134.213,32.908,61.244
25/05/2001,51.14,12.67,53.822,13.27,32.908
26/05/2001,31.91,34.24,17.63,109.267,13.27
27/05/2001,50.31,40.64,97.603,130.621,109.267
28/05/2001,33.14,25.08,6.69,152.962,130.621
29/05/2001,25.61,4.35,51.091,138.995,152.962
30/05/2001,11.81,44.66,116.451,201.101,138.995
31/05/2001,54.22,16.57,8.666,150.22,201.101
1/6/2001,5.07,37.04,102.343,166.591,150.22
2/6/2001,35.49,55,88.967,203.293,166.591
3/6/2001,45.37,30.52,28.483,188.025,203.293
4/6/2001,11.03,25.82,28.797,192.589,188.025
5/6/2001,55.8,9.13,33.277,99.917,192.589
6/6/2001,59.05,36.14,121.726,53.83,99.917
7/6/2001,28.18,5.74,19.621,120.42,53.83
8/6/2001,15.41,53.79,56.753,170.058,120.42
9/6/2001,33.46,44.26,28.898,203.401,170.058
10/6/2001,13.91,24.97,54.477,11.364,203.401
11/6/2001,54.64,37.8,42.632,47.823,11.364
12/6/2001,27.68,13.55,32.513,93.537,47.823
13/06/2001,54.28,52.13,111.233,142.649,93.537
14/06/2001,5.76,55.28,116.244,206.455,142.649
15/06/2001,52.09,10.42,54.498,164.674,206.455
16/06/2001,44.46,39.18,76.109,4.848,164.674
17/06/2001,51.82,41.5,136.718,104.471,4.848
18/06/2001,49.69,7.36,10.15,69.274,104.471
19/06/2001,36.27,43.75,73.207,171.315,69.274
20/06/2001,23.66,6.77,117.973,12.37,171.315
21/06/2001,34.72,11.02,64.167,20.667,12.37
22/06/2001,11.15,35.21,54.162,172.25,20.667
23/06/2001,5.05,49.41,34.327,51.489,172.25
24/06/2001,45.14,35.81,110.593,30.63,51.489
25/06/2001,45.59,50.98,72.71,52.707,30.63
26/06/2001,19.47,55.41,132.061,136.317,52.707
27/06/2001,53.74,58.45,135.952,192.703,136.317
28/06/2001,25.37,30.25,119.948,206.856,192.703
29/06/2001,50.86,20.91,71.558,37.419,206.856
30/06/2001,39.56,13.87,25.794,155.164,37.419
1/7/2001,35.53,32.25,120.425,138.749,155.164
2/7/2001,19.42,29.17,96.038,47.274,138.749
3/7/2001,43.15,37.33,91.547,62.228,47.274
4/7/2001,8.49,6.15,122.697,60.057,62.228
5/7/2001,46.07,36.35,39.398,17.768,60.057
6/7/2001,8.85,41.85,68.281,92.766,17.768
7/7/2001,5.99,53.11,72.242,59.308,92.766
8/7/2001,47.07,41.18,129.229,169.145,59.308
9/7/2001,46.37,58.93,120.227,65.391,169.145
10/7/2001,51.38,14.15,68.768,162.123,65.391
11/7/2001,41.74,35.23,78.709,48.279,162.123
12/7/2001,4.99,10.85,137.678,18.797,48.279
13/07/2001,15.04,16.52,89.548,158.821,18.797
14/07/2001,59.56,4.91,20.893,150.673,158.821
15/07/2001,41.64,20.29,21.63,55.88,150.673
16/07/2001,46.62,20.4,55.712,192.119,55.88
17/07/2001,51.2,58.97,57.42,187.895,192.119
18/07/2001,28.06,21.18,116.546,151.768,187.895
19/07/2001,54.01,58.17,75.925,142.454,151.768
20/07/2001,38.17,43.01,38.972,182.325,142.454
21/07/2001,31.32,27.02,66.444,85.852,182.325
22/07/2001,26.66,51.72,79.535,29.15,85.852
23/07/2001,4.75,8.09,27.959,100.994,29.15
24/07/2001,28.2,34.78,98.721,8.715,100.994
25/07/2001,42.27,10.08,140.272,209.441,8.715
26/07/2001,17.03,43.13,80.491,96.595,209.441
27/07/2001,30.52,13.7,142.037,78.7,96.595
28/07/2001,31.82,10.04,25.119,19.757,78.7
29/07/2001,12.94,15.32,85.922,70.7,19.757
30/07/2001,50.59,17.16,112.906,204.334,70.7
31/07/2001,4.53,42.95,17.566,57.443,204.334
1/8/2001,55.35,27.54,5.85,139.061,57.443
2/8/2001,57.79,36.82,21.193,109.442,139.061
3/8/2001,32.48,33.57,40.939,148.117,109.442
4/8/2001,45.67,40.63,23.154,73.615,148.117
5/8/2001,21.83,40.71,120.891,209.921,73.615
6/8/2001,23.22,28.06,112.758,114.526,209.921
7/8/2001,11.9,48.36,62.261,8.546,114.526
8/8/2001,46.81,7.55,111.956,142.089,8.546
9/8/2001,4.49,19.21,24.394,70.657,142.089
10/8/2001,3.89,50.37,103.297,68.449,70.657
11/8/2001,51.97,46.22,120.833,152.536,68.449
12/8/2001,35.46,19.55,142.408,147.763,152.536
13/08/2001,41.19,15.92,97.604,173.39,147.763
14/08/2001,23.07,15.56,33.779,99.107,173.39
15/08/2001,23.06,50.22,56.938,209.498,99.107
16/08/2001,17.79,16.07,62.672,16.269,209.498
17/08/2001,15.74,36.62,47.007,194.537,16.269
18/08/2001,42.81,28.93,33.297,42.539,194.537
19/08/2001,9.65,38.73,114.678,99.307,42.539
20/08/2001,21.08,18.7,45.802,42.879,99.307
21/08/2001,47.56,47.6,30.369,193.904,42.879
22/08/2001,29.63,15.1,24.393,72.849,193.904
23/08/2001,24.94,12.88,86.08,33.999,72.849
24/08/2001,19.69,24.71,69.32,203.544,33.999
25/08/2001,38.25,6.02,118.586,68.4,203.544
26/08/2001,56.84,3.57,80.236,204.332,68.4
27/08/2001,15.35,56.46,23.105,67.186,204.332
28/08/2001,58.12,31.1,132.091,14.848,67.186
29/08/2001,58.4,9.45,117.399,16.286,14.848
30/08/2001,12.27,42.99,100.401,169.775,16.286
31/08/2001,8.28,11.09,39.458,203.486,169.775
1/9/2001,43.68,12.15,33.187,103.176,203.486
2/9/2001,10.94,33,75.619,134.64,103.176
3/9/2001,32.43,21.85,46.807,73.576,134.64
4/9/2001,34.06,45.12,74.76,11.597,73.576
5/9/2001,29.93,44.99,75.576,184.163,11.597
6/9/2001,3.15,12.09,56.992,189.928,184.163
7/9/2001,9.79,52.75,73.913,207.326,189.928
8/9/2001,16.67,43.06,86.237,28.763,207.326
9/9/2001,52.21,8.32,106.498,22.606,28.763
10/9/2001,56.1,40.07,128.868,136.547,22.606
11/9/2001,34.56,52.87,84.323,57.215,136.547
12/9/2001,35.28,59.28,83.445,32.042,57.215
13/09/2001,12.61,15.79,77.563,133.011,32.042
14/09/2001,58.06,41.56,10.764,186.392,133.011
15/09/2001,53.03,32.05,121.507,118.55,186.392
16/09/2001,11.19,20.57,8.151,87.097,118.55
17/09/2001,19.1,26.54,123.335,177.737,87.097
18/09/2001,58.7,51.2,103.937,192.212,177.737
19/09/2001,29.24,42.43,5.886,61.237,192.212
20/09/2001,38.43,20.2,127.447,150.493,61.237
21/09/2001,56.78,51.03,108.67,53.885,150.493
22/09/2001,39.15,46.39,89.074,180.179,53.885
23/09/2001,35.94,48.67,102.468,137.967,180.179
24/09/2001,45.6,14.75,38.514,38.094,137.967
25/09/2001,37.42,41.92,78.565,5.934,38.094
26/09/2001,20.01,41.73,7.927,46.07,5.934
27/09/2001,16.04,59.97,6.191,101.841,46.07
28/09/2001,8,56.73,144.374,90.441,101.841
29/09/2001,12.29,38.02,76.557,98.246,90.441
30/09/2001,32.67,20.54,11.547,104.985,98.246
1/10/2001,21.17,33.46,132.462,35.738,104.985
2/10/2001,39.36,27.35,8.021,174.028,35.738
3/10/2001,26.09,25.77,85.662,171.939,174.028
4/10/2001,51.4,11.84,56.755,26.472,171.939
5/10/2001,24.75,36.59,140.572,80.854,26.472
6/10/2001,22.52,34.8,120.095,73.854,80.854
7/10/2001,38.66,45.73,28.062,173.027,73.854
8/10/2001,42.71,34.56,6.258,88.918,173.027
9/10/2001,19.13,55.12,22.127,137.514,88.918
10/10/2001,14.77,20.25,78.442,95.859,137.514
11/10/2001,42.53,25.9,104.285,186.486,95.859
12/10/2001,21.68,28.05,120.128,69.134,186.486
13/10/2001,33.69,33.68,65.525,67.401,69.134
14/10/2001,13.08,38.54,71.36,161.766,67.401
15/10/2001,31.87,3.9,37.823,3.192,161.766
16/10/2001,49.23,47.23,107.111,99.557,3.192
17/10/2001,41.9,23.57,21.504,7.244,99.557
18/10/2001,47,28.9,93.687,68.644,7.244
19/10/2001,5.82,53.63,96.567,43.952,68.644
20/10/2001,45.36,21.22,27.938,93.004,43.952
21/10/2001,57.63,19.79,137.811,198.17,93.004
22/10/2001,40.82,24.45,36.923,3.885,198.17
23/10/2001,54.71,26.11,32.227,112.48,3.885
24/10/2001,24.81,47.22,6.121,171.785,112.48
25/10/2001,46.79,27.95,5.855,168.586,171.785
26/10/2001,29.38,30.21,96.108,126.582,168.586
27/10/2001,14.25,29.29,119.995,132.854,126.582
28/10/2001,21.29,55.96,104.915,187.326,132.854
29/10/2001,19.23,50.52,136.766,163.468,187.326
30/10/2001,19.71,4.72,108.805,200.392,163.468
31/10/2001,51.31,3.77,139.258,74.952,200.392
1/11/2001,16.98,33.11,137.008,93.323,74.952
2/11/2001,37.59,7.16,9.586,118.083,93.323
3/11/2001,15.23,35.64,102.801,144.393,118.083
4/11/2001,28.78,35.05,130.801,79.017,144.393
5/11/2001,32.56,59.27,141.761,146.04,79.017
6/11/2001,21,25.44,131.198,207.75,146.04
7/11/2001,12.3,29.85,108.646,85.672,207.75
8/11/2001,41.22,58.84,3.98,178.256,85.672
9/11/2001,23.07,46.61,8.286,129.972,178.256
10/11/2001,37.24,26.9,72.744,206.383,129.972
11/11/2001,11.12,40.67,28.162,144.021,206.383
12/11/2001,9.54,25.07,59.32,35.228,144.021
13/11/2001,9.97,16.77,72.166,94.353,35.228
14/11/2001,13.21,40.28,64.676,146.729,94.353
15/11/2001,45.64,41,128.017,11.369,146.729
16/11/2001,39.75,16.74,86.124,130.478,11.369
17/11/2001,46.53,18.55,59.994,133.296,130.478
18/11/2001,42.99,39.26,5.283,125.095,133.296
19/11/2001,4.57,49.6,97.517,96.926,125.095
20/11/2001,6.95,10.24,48.069,179.705,96.926
21/11/2001,56.88,6.61,131.729,194.946,179.705
22/11/2001,49.49,18.08,18.767,199.984,194.946
23/11/2001,17.51,30.82,65.689,171.113,199.984
24/11/2001,43.63,34.54,106.416,204.213,171.113
25/11/2001,25.08,9.46,8.734,192.784,204.213
26/11/2001,12.33,57.43,110.859,145.167,192.784
27/11/2001,52.94,8.19,65.013,177.577,145.167
28/11/2001,17.22,52.59,42.358,8.624,177.577
29/11/2001,31.72,39.45,9.276,6.046,8.624
30/11/2001,26.77,3.3,29.91,49.849,6.046
1/12/2001,36.69,6.93,24.863,130.149,49.849
2/12/2001,49.59,13.58,134.325,79.326,130.149
3/12/2001,18.07,14.37,116.381,145.317,79.326
4/12/2001,35.9,6.95,4.124,61.952,145.317
5/12/2001,5.6,26.07,54.716,178.018,61.952
6/12/2001,40.14,48.04,110.333,134.61,178.018
7/12/2001,7.78,58.52,101.22,45.98,134.61
8/12/2001,42.94,58.13,15.205,204.895,45.98
9/12/2001,50.54,13.85,86.594,93.606,204.895
10/12/2001,21.33,53.43,21.99,142.614,93.606
11/12/2001,17.95,6.81,73.412,118.994,142.614
12/12/2001,32.07,28.13,143.597,111.833,118.994
13/12/2001,32.81,54.09,3.136,61.374,111.833
14/12/2001,48.74,23.68,18.28,27.605,61.374
15/12/2001,57.62,13.56,68.396,146.182,27.605
16/12/2001,30.54,27.24,133.602,209.799,146.182
17/12/2001,23.24,55.5,126.248,131.54,209.799
18/12/2001,54.84,33.28,48.62,67.494,131.54
19/12/2001,4.51,35.67,144.135,199.233,67.494
20/12/2001,50.95,22.34,64.051,36.026,199.233
21/12/2001,42.74,24.52,106.16,182.187,36.026
22/12/2001,42.19,52.4,127.334,14.464,182.187
23/12/2001,44.98,54.1,124.314,32.074,14.464
24/12/2001,37.86,35.26,13.47,194.231,32.074
25/12/2001,5.11,4.05,142.762,134.006,194.231
26/12/2001,25.46,55.58,32.884,150.087,134.006
27/12/2001,50.49,14.3,99.742,188.822,150.087
28/12/2001,3.92,54.4,117.573,133.43,188.822
29/12/2001,22.4,33.92,32.072,10.277,133.43
30/12/2001,9.75,48.13,94.339,181.909,10.277
31/12/2001,52.73,38.84,110.922,87.575,181.909
1/1/2002,14.79,21.66,56.826,117.021,87.575
2/1/2002,22.15,11.4,49.719,203.606,117.021
3/1/2002,24.94,24.9,66.512,169.899,203.606
4/1/2002,25.96,12.36,68.135,98.472,169.899
5/1/2002,7.51,9.12,72.315,87.924,98.472
6/1/2002,15.26,27.03,106.906,162.96,87.924
7/1/2002,38.4,56.13,102.325,8.984,162.96
8/1/2002,34.41,4.19,121.058,190.254,8.984
9/1/2002,47.99,52.53,60.464,177.494,190.254
10/1/2002,56.53,40.83,74.544,199.417,177.494
11/1/2002,36.24,31.55,84.151,62.92,199.417
12/1/2002,51.81,22.89,118.439,104.894,62.92
13/01/2002,12.65,56.68,99.183,120.971,104.894
14/01/2002,3.61,15.45,116.875,127.123,120.971
15/01/2002,6.79,49.58,83.177,71.394,127.123
16/01/2002,24.34,23.22,13.414,189.306,71.394
17/01/2002,49.61,44.3,37.034,67.099,189.306
18/01/2002,24.72,51.38,37.055,10.686,67.099
19/01/2002,19.63,4.04,20.586,21.944,10.686
20/01/2002,50.23,8.2,55.691,83.093,21.944
21/01/2002,36.4,11.16,120.056,100.576,83.093
22/01/2002,12.03,43.98,5.213,43.861,100.576
23/01/2002,25.78,28.23,69.715,130.562,43.861
24/01/2002,51.57,3.53,15.688,37.467,130.562
25/01/2002,19.63,36.72,70.247,134.318,37.467
26/01/2002,47.74,54.07,110.57,158.957,134.318
27/01/2002,10.13,4.03,80.796,4.157,158.957
28/01/2002,19.73,43.31,44.218,19.955,4.157
29/01/2002,4.69,47.13,121.767,145.629,19.955
30/01/2002,43.12,56.28,43.037,30.178,145.629
31/01/2002,47.82,33.51,133.564,131.218,30.178
1/2/2002,11.08,56.51,140.002,171.795,131.218
2/2/2002,4.07,23.32,34.197,42.931,171.795
3/2/2002,22.6,3.01,49.652,45.355,42.931
4/2/2002,45,58.71,115.501,69.664,45.355
5/2/2002,7.45,10.09,99.855,152.755,69.664
6/2/2002,55,57.05,59.753,49.21,152.755
7/2/2002,34.74,37.22,144.167,65.343,49.21
8/2/2002,40.91,45.26,103.032,9.64,65.343
9/2/2002,15.66,26.53,80.458,89.344,9.64
10/2/2002,8.41,8.23,66.064,113.074,89.344
11/2/2002,30.65,12.19,74.634,143.806,113.074
12/2/2002,15.5,59.62,82.528,25.457,143.806
13/02/2002,25.44,40.98,16.944,186.617,25.457
14/02/2002,17.17,16.09,93.356,70.825,186.617
15/02/2002,55.66,28.7,38.839,25.916,70.825
16/02/2002,31.51,51.64,104.982,15.991,25.916
17/02/2002,40.87,13.75,44.139,146.4,15.991
18/02/2002,46.24,26.78,21.545,24.823,146.4
19/02/2002,12.5,37.99,13.357,115.435,24.823
20/02/2002,28.69,5.35,56.21,96.23,115.435
21/02/2002,12.25,52.57,32.466,123.849,96.23
22/02/2002,42.43,39.07,30.547,48.939,123.849
23/02/2002,7.92,57.41,26.48,98.746,48.939
24/02/2002,18.18,23.76,108.313,107.324,98.746
25/02/2002,48.45,32.84,110.904,188.636,107.324
26/02/2002,47.74,55.3,39.069,99.229,188.636
27/02/2002,59.26,52.36,11.198,15.838,99.229
28/02/2002,21.59,13.16,20.803,61.378,15.838
1/3/2002,40.47,54.61,6.066,4.629,61.378
2/3/2002,28.4,15.33,58.482,175.505,4.629
3/3/2002,23.37,53.74,41.912,152.461,175.505
4/3/2002,52.47,21.05,79.399,129.524,152.461
5/3/2002,17.34,42.49,76.393,46.358,129.524
6/3/2002,29,57.29,41.143,106.66,46.358
7/3/2002,36.43,18.33,26.29,120.934,106.66
8/3/2002,27.9,19.43,94.223,154.982,120.934
9/3/2002,36.18,25.66,39.749,105.33,154.982
10/3/2002,37.91,15.27,31.099,161.673,105.33
11/3/2002,37.29,51.1,40.146,150.851,161.673
12/3/2002,52.37,40.32,29.756,61.425,150.851
13/03/2002,37.96,49.29,100.89,43.596,61.425
14/03/2002,42.77,45.69,133.786,101.693,43.596
15/03/2002,15.24,30.63,70.191,76.775,101.693
16/03/2002,16.53,18.87,108.192,37.375,76.775
17/03/2002,51.18,36.25,9.642,63.997,37.375
18/03/2002,46.89,45.11,105.077,174.25,63.997
19/03/2002,17.61,40.18,15.101,38.022,174.25
20/03/2002,30.24,9.12,25.642,7.675,38.022
21/03/2002,32.07,19.53,52.365,20.399,7.675
22/03/2002,59.49,45.52,121.596,104.097,20.399
23/03/2002,45.29,38.71,100.093,11.478,104.097
24/03/2002,37.98,27.4,57.97,6.382,11.478
25/03/2002,41.65,9.49,60.033,59.767,6.382
26/03/2002,20.71,31.27,118.971,195.778,59.767
27/03/2002,7.28,52.02,73.903,201.778,195.778
28/03/2002,42.16,25.14,139.233,138.604,201.778
29/03/2002,49.04,25.65,42.031,205.133,138.604
30/03/2002,45.67,51.26,8.178,156.329,205.133
31/03/2002,40.94,43.91,68.746,177.623,156.329
1/4/2002,49.41,53,116.541,95.516,177.623
2/4/2002,41.83,32.65,25.059,3.787,95.516
3/4/2002,10.03,21.06,41,95.079,3.787
4/4/2002,12.18,40.82,39.897,115.498,95.079
5/4/2002,23.71,49.1,96.332,175.664,115.498
6/4/2002,23.9,4.42,76.329,164.287,175.664
7/4/2002,39.92,20.96,101.694,39.219,164.287
8/4/2002,11.68,40.54,104.38,143.802,39.219
9/4/2002,51.39,14.15,55.458,121.434,143.802
10/4/2002,38.82,31.7,117.559,104.322,121.434
11/4/2002,33.44,35.37,138.898,163.658,104.322
12/4/2002,35.04,15.59,71.364,64.082,163.658
13/04/2002,57.81,50.47,104.44,83.821,64.082
14/04/2002,47.56,49.21,110.077,106.971,83.821
15/04/2002,56.11,3.45,105.087,204.157,106.971
16/04/2002,31.55,37.82,31.354,5.645,204.157
17/04/2002,13.86,24.87,18.775,94.993,5.645
18/04/2002,25.61,6.95,24.407,135.494,94.993
19/04/2002,55.27,27.51,14.204,189.875,135.494
20/04/2002,29.72,25.4,50.929,87.62,189.875
21/04/2002,52.28,32.73,122.988,82.751,87.62
22/04/2002,30.74,20.49,14.343,165.08,82.751
23/04/2002,53.68,36.93,115.257,26.138,165.08
24/04/2002,13.27,56.92,18.86,97.637,26.138
25/04/2002,14.67,26.9,47.219,135.902,97.637
26/04/2002,58.9,3.34,131.501,40.35,135.902
27/04/2002,23.57,45.94,20.96,114.877,40.35
28/04/2002,27.01,59.89,73.465,31.508,114.877
29/04/2002,19.16,35.34,51.069,205.85,31.508
30/04/2002,54.78,37.77,72.42,100.138,205.85
1/5/2002,35.7,41.01,39.127,203.284,100.138
2/5/2002,53.84,46.71,124.009,174.777,203.284
3/5/2002,35.42,30.26,16.662,52.579,174.777
4/5/2002,18.56,32.76,70.327,145.492,52.579
5/5/2002,6.09,54.09,92.279,183.45,145.492
6/5/2002,24.85,47.59,29.506,121.251,183.45
7/5/2002,22.02,40.41,24.646,77.994,121.251
8/5/2002,17.67,49.53,14.958,121.609,77.994
9/5/2002,18.15,5.29,38.806,149.791,121.609
10/5/2002,34.48,12.27,22.318,97.789,149.791
11/5/2002,24.97,28.17,90.478,107.565,97.789
12/5/2002,59.26,40.19,96.043,8.075,107.565
13/05/2002,32.28,15.46,80.384,66.046,8.075
14/05/2002,4.31,33.71,137.942,40.736,66.046
15/05/2002,37.22,22.2,12.328,71.182,40.736
16/05/2002,57.15,13.15,55.061,122.306,71.182
17/05/2002,22.25,56.61,77.838,172.229,122.306
18/05/2002,13.2,15.27,23.129,39.506,172.229
19/05/2002,58.81,18.19,101.582,112.727,39.506
20/05/2002,23.34,41.78,26.419,45.89,112.727
21/05/2002,42.24,46.58,30.868,192.592,45.89
22/05/2002,17.03,42.36,113.304,143.94,192.592
23/05/2002,3.64,38.94,130.336,66.864,143.94
24/05/2002,10.33,35.53,72.154,187.368,66.864
25/05/2002,42.18,56.26,106.068,169.635,187.368
26/05/2002,27.7,39.94,73.391,14.603,169.635
27/05/2002,21.22,9.27,120.089,155.288,14.603
28/05/2002,22.34,34.25,30.093,66.646,155.288
29/05/2002,31.64,13.69,6.485,169.32,66.646
30/05/2002,25.24,35.22,131.223,77.953,169.32
31/05/2002,45.8,18.63,70.661,160.43,77.953
1/6/2002,52.38,43,67.658,53.871,160.43
2/6/2002,7.49,12.71,57.913,39.94,53.871
3/6/2002,13.5,10.6,123.905,183.803,39.94
4/6/2002,7.39,14.45,65.448,130.918,183.803
5/6/2002,10.05,37.14,92.556,205.956,130.918
6/6/2002,47.22,25.68,52.724,47.338,205.956
7/6/2002,55.13,13.14,65.482,174.639,47.338
8/6/2002,20.51,27.97,38.372,65.737,174.639
9/6/2002,6.24,59.66,119.371,198.934,65.737
10/6/2002,21.69,39.14,81.014,96.297,198.934
11/6/2002,43.99,8.2,89.555,132.388,96.297
12/6/2002,54.98,44.9,5.741,14.357,132.388
13/06/2002,49.37,59.94,40.246,89.832,14.357
14/06/2002,44.28,42.97,53.705,96.946,89.832
15/06/2002,44.04,22.04,120.442,21.64,96.946
16/06/2002,15.12,43.03,86.846,157.527,21.64
17/06/2002,37.18,48.67,16.209,8.429,157.527
18/06/2002,36.69,42.53,34.522,173.624,8.429
19/06/2002,35.23,11.14,55.35,120.137,173.624
20/06/2002,26.39,3.78,76.481,192.69,120.137
21/06/2002,4.69,30.54,95.822,6.637,192.69
22/06/2002,20.63,15.75,102.881,67.365,6.637
23/06/2002,5.14,20.08,96.294,78.826,67.365
24/06/2002,43.22,18.12,9.674,140.954,78.826
25/06/2002,53.41,32.1,122.413,170.421,140.954
26/06/2002,15.62,13.98,131.634,202.769,170.421
27/06/2002,54.12,58.72,35.477,158.296,202.769
28/06/2002,12.56,45.02,132.472,36.505,158.296
29/06/2002,55.05,37.98,106.313,136.013,36.505
30/06/2002,28.66,24.85,63.876,174.843,136.013
1/7/2002,11.13,10.37,129.398,114.012,174.843
2/7/2002,36.89,34.88,53.996,161.57,114.012
3/7/2002,59.4,38.37,79.46,119.032,161.57
4/7/2002,24.31,32.18,67.032,143.024,119.032
5/7/2002,7.34,32.92,60.079,9.297,143.024
6/7/2002,41.3,8.48,77.798,189.63,9.297
7/7/2002,24.26,17.5,8.412,200.338,189.63
8/7/2002,30.87,23.4,101.197,39.338,200.338
9/7/2002,4.4,18.33,17.239,197.86,39.338
10/7/2002,42.83,12.73,134.224,168.124,197.86
11/7/2002,30.35,16.3,137.293,174.066,168.124
12/7/2002,39.6,35.88,108.649,72.329,174.066
13/07/2002,12.41,53.01,78.183,177.393,72.329
14/07/2002,9.21,20.46,38.152,12.08,177.393
15/07/2002,16.29,20.23,96.536,65.678,12.08
16/07/2002,57.64,38.58,135.978,102.708,65.678
17/07/2002,48.03,30.18,28.701,191.983,102.708
18/07/2002,15.46,6.32,77.749,72.193,191.983
19/07/2002,25.86,10.61,99.857,27.56,72.193
20/07/2002,38.62,48.07,75.342,160.053,27.56
21/07/2002,30.48,44.4,8.207,38.623,160.053
22/07/2002,18.21,39.96,130.423,99.349,38.623
23/07/2002,33.92,52.36,31.072,179.051,99.349
24/07/2002,39.27,46.38,119.356,80.133,179.051
25/07/2002,49.94,59.54,14.167,177.624,80.133
26/07/2002,4,48.05,108.277,6.02,177.624
27/07/2002,39.7,27.59,116.319,59.614,6.02
28/07/2002,48.42,6.99,123.365,31.824,59.614
29/07/2002,19.05,23.96,102.392,83.327,31.824
30/07/2002,42.73,7.03,5.337,97.395,83.327
31/07/2002,55.77,17.64,86.144,87.15,97.395
1/8/2002,22.46,54.42,83.951,63.816,87.15
2/8/2002,22.16,37.64,134.033,46.637,63.816
3/8/2002,11.58,17.05,85.376,98.419,46.637
4/8/2002,11.22,56,14.127,119.468,98.419
5/8/2002,7.28,37.81,47.686,207.301,119.468
6/8/2002,41.93,27.37,17.262,196.326,207.301
7/8/2002,44.19,24.14,40.148,146.462,196.326
8/8/2002,33.64,3.6,71.726,83.515,146.462
9/8/2002,54.8,38.82,84.518,108.277,83.515
10/8/2002,8.36,48.22,63.485,117.341,108.277
11/8/2002,49.37,44.09,8.422,109.852,117.341
12/8/2002,20.95,36.19,48.626,191.103,109.852
13/08/2002,51.74,43.14,55.048,180.715,191.103
14/08/2002,37.84,3.22,56.761,170.201,180.715
15/08/2002,59.27,17.03,117.855,108.882,170.201
16/08/2002,55.9,53.93,25.965,81.396,108.882
17/08/2002,15.36,49.54,52.927,75.285,81.396
18/08/2002,54.62,20.65,62.364,195.385,75.285
19/08/2002,15.88,4.3,107.625,54.1,195.385
20/08/2002,4.43,7.96,106.208,23.639,54.1
21/08/2002,57.51,7.83,34.738,199.358,23.639
22/08/2002,30.07,29.31,132.759,56.466,199.358
23/08/2002,55.9,34.21,67.629,49.78,56.466
24/08/2002,5.37,39.58,87.923,209.376,49.78
25/08/2002,58.13,24.13,70.077,96.622,209.376
26/08/2002,59.45,58.52,74.144,62.814,96.622
27/08/2002,19.66,27.19,85.998,114.981,62.814
28/08/2002,10.73,52.31,31.567,70.364,114.981
29/08/2002,32.75,5.93,83.483,108.308,70.364
30/08/2002,46.95,29.35,138.772,59.14,108.308
31/08/2002,5.05,42.56,66.428,92.811,59.14
1/9/2002,27.64,4.64,67.379,160.252,92.811
2/9/2002,47.6,6.71,129.48,82.082,160.252
3/9/2002,26.67,42.42,16.208,170.468,82.082
4/9/2002,32.51,58.27,13.316,28.172,170.468
5/9/2002,22.81,48.14,7.773,96.527,28.172
6/9/2002,13.08,44.87,90.398,138.552,96.527
7/9/2002,10.01,23.89,127.105,89.698,138.552
8/9/2002,39.58,42.18,117.73,136.612,89.698
9/9/2002,56,54.47,63.952,184.405,136.612
10/9/2002,58.23,47.84,98.365,171.118,184.405
11/9/2002,59.17,44.59,136.473,95.563,171.118
12/9/2002,32.3,56.28,97.635,119.337,95.563
13/09/2002,41.18,8.76,120.338,142.015,119.337
14/09/2002,5.29,29.94,55.933,172.003,142.015
15/09/2002,29.32,56.89,114.216,200.91,172.003
16/09/2002,40.01,15.06,111.523,86.309,200.91
17/09/2002,21.34,29.22,53.292,49.878,86.309
18/09/2002,53.62,7.99,114.289,43.655,49.878
19/09/2002,23.57,11.93,83.366,119.61,43.655
20/09/2002,55.25,24.77,115.667,103.078,119.61
21/09/2002,21.31,21.91,34.206,110.962,103.078
22/09/2002,5.7,17.66,31.047,190.735,110.962
23/09/2002,33.88,29.4,48.501,145.346,190.735
24/09/2002,46.26,42.99,58.695,139.906,145.346
25/09/2002,3.61,11.74,26.845,122.94,139.906
26/09/2002,17.98,37.6,26.402,185.016,122.94
27/09/2002,10.33,51.44,96.869,35.581,185.016
28/09/2002,54.06,15.33,109.416,39.91,35.581
29/09/2002,49.96,52.82,116.196,160.329,39.91
30/09/2002,4.49,14.68,77.135,145.358,160.329
1/10/2002,34.14,33.83,133.452,194.324,145.358
2/10/2002,8.26,48.62,67.619,177.626,194.324
3/10/2002,48.81,40.56,18.691,7.165,177.626
4/10/2002,52.31,4.73,45.674,6.867,7.165
5/10/2002,53.28,43.89,21.796,183.363,6.867
6/10/2002,19.5,22.33,120.49,203.283,183.363
7/10/2002,17.99,28.77,120.323,131.02,203.283
8/10/2002,21.32,4.18,100.661,83.63,131.02
9/10/2002,21.9,54.5,95.738,127.045,83.63
10/10/2002,10.44,53.32,40.721,91.684,127.045
11/10/2002,36.33,33.41,69.058,113.056,91.684
12/10/2002,13.72,47.8,78.647,189.22,113.056
13/10/2002,32.55,49.89,73.327,30.327,189.22
14/10/2002,4.96,26.91,25.199,166.067,30.327
15/10/2002,38.43,24.82,30.539,52.029,166.067
16/10/2002,4.71,50.33,24.095,45.296,52.029
17/10/2002,57.07,29.07,40.695,97.058,45.296
18/10/2002,48.86,11.79,110.966,188.605,97.058
19/10/2002,50.83,11.18,123.608,194.743,188.605
20/10/2002,26.58,50,108.932,128.811,194.743
21/10/2002,56.33,21.38,28.228,136.998,128.811
22/10/2002,34.94,19.02,50.217,134.212,136.998
23/10/2002,28.06,30.67,63.044,206.464,134.212
24/10/2002,59.57,36.43,137.435,166.766,206.464
25/10/2002,28.22,32.23,36.666,54.802,166.766
26/10/2002,28.27,12.8,14.716,31.813,54.802
27/10/2002,25.35,21.45,139.204,99.814,31.813
28/10/2002,47.91,40.12,27.96,115.875,99.814
29/10/2002,10.16,8.18,51.239,177.78,115.875
30/10/2002,45.4,3.51,121.474,50.295,177.78
31/10/2002,55.67,4.11,118.333,6.084,50.295
1/11/2002,18.41,51.94,121.754,81.261,6.084
2/11/2002,54.07,22.62,87.233,11.075,81.261
3/11/2002,6.5,15.57,12.673,165.981,11.075
4/11/2002,19.15,19.49,3.957,23.382,165.981
5/11/2002,13.17,36.52,65.012,202.493,23.382
6/11/2002,41.02,39.18,96.726,82.678,202.493
7/11/2002,12.86,42.89,85.554,16.313,82.678
8/11/2002,49.56,5.07,88.025,29.482,16.313
9/11/2002,11.38,31.77,70.178,95.191,29.482
10/11/2002,51.06,59.01,105.548,159.46,95.191
11/11/2002,47.57,55.16,79.405,62.374,159.46
12/11/2002,40.69,30.32,65.801,34.169,62.374
13/11/2002,48.33,13.92,85.504,6.95,34.169
14/11/2002,41.52,55.19,54.945,140.757,6.95
15/11/2002,32.04,3.7,100.568,5.138,140.757
16/11/2002,24.19,48.98,46.622,102.611,5.138
17/11/2002,31.6,24.92,6.002,7.877,102.611
18/11/2002,54.03,18.66,69.283,191.511,7.877
19/11/2002,7.46,59.5,83.738,72.296,191.511
20/11/2002,12.62,42.19,124.597,189.174,72.296
21/11/2002,21.16,53.8,54.16,81.232,189.174
22/11/2002,24.45,38.92,133.957,32.718,81.232
23/11/2002,8.94,55.61,69.409,158.679,32.718
24/11/2002,27.29,10.67,16.186,52.377,158.679
25/11/2002,16.07,11.73,92.226,55.451,52.377
26/11/2002,31.33,13.07,3.376,170.541,55.451
27/11/2002,37.43,29.68,115.345,31.026,170.541
28/11/2002,56.42,16.22,29.782,112.225,31.026
29/11/2002,54.2,49.36,136.015,80.976,112.225
30/11/2002,4.77,18.88,74.589,50.772,80.976
1/12/2002,14.54,27.78,25.054,37.738,50.772
2/12/2002,58.54,46.94,136.136,119.309,37.738
3/12/2002,53.16,58.64,96.261,134.296,119.309
4/12/2002,19.25,25.08,114.833,163.795,134.296
5/12/2002,3.49,42.62,31.904,205.887,163.795
6/12/2002,15.62,13.35,12.185,199.297,205.887
7/12/2002,15.74,20.82,12.584,91.352,199.297
8/12/2002,33.91,16.6,60.999,86.344,91.352
9/12/2002,22.52,47.1,128.973,135.567,86.344
10/12/2002,3.49,38.56,132.506,200.366,135.567
11/12/2002,54.77,34.73,100.157,176.506,200.366
12/12/2002,4.13,46.87,68.255,151.679,176.506
13/12/2002,7.52,29.64,25.334,126.656,151.679
14/12/2002,7.25,24.32,95.626,4.236,126.656
15/12/2002,28.74,24.26,135.215,156.941,4.236
16/12/2002,59.49,14.1,10.427,185.429,156.941
17/12/2002,5.05,29.26,108.379,58.736,185.429
18/12/2002,9.17,19.58,22.339,176.195,58.736
19/12/2002,16.26,8.38,99.385,147.915,176.195
20/12/2002,7.36,24.31,132.551,126.47,147.915
21/12/2002,40.95,45.14,17.713,45.224,126.47
22/12/2002,21.1,11.1,24.895,157.549,45.224
23/12/2002,4.84,42.34,89.702,9.71,157.549
24/12/2002,21.54,49.41,86.56,41.054,9.71
25/12/2002,55.48,59.07,78.865,147.977,41.054
26/12/2002,34.46,34.13,125.386,135.036,147.977
27/12/2002,38.52,35.04,108.234,144.477,135.036
28/12/2002,5.17,8.51,89.506,3.162,144.477
29/12/2002,37.56,46.82,53.815,183.236,3.162
30/12/2002,18.2,38.55,38.887,182.434,183.236
31/12/2002,14.76,59.56,78.1,12.187,182.434
1/1/2003,32.58,7.28,85.315,88.507,12.187
2/1/2003,31.78,46.32,138.705,73.132,88.507
3/1/2003,58.72,24.42,120.867,130.377,73.132
4/1/2003,57.39,54.01,127.363,147.982,130.377
5/1/2003,5.46,40.88,34.393,44.819,147.982
6/1/2003,37.62,54.82,28.914,88.92,44.819
7/1/2003,56.13,12.24,117.46,36.092,88.92
8/1/2003,49.52,34.09,22.14,44.896,36.092
9/1/2003,52.61,33.05,116.306,197.444,44.896
10/1/2003,31.29,38.24,132.53,148.876,197.444
11/1/2003,33.12,44.84,106.407,183.229,148.876
12/1/2003,7.19,7.9,81.601,138.103,183.229
13/01/2003,26.01,54.28,72.844,7.212,138.103
14/01/2003,46.29,43.95,120.532,177.321,7.212
15/01/2003,38.76,37.04,72.639,141.273,177.321
16/01/2003,36.62,26.15,116.414,5.33,141.273
17/01/2003,9.97,26.95,83.701,124.004,5.33
18/01/2003,24.84,52.19,70.437,109.706,124.004
19/01/2003,5.87,6.56,25.943,85.303,109.706
20/01/2003,48.17,44.08,10.248,204.695,85.303
21/01/2003,23.3,10.32,85.86,100.763,204.695
22/01/2003,53.17,10.35,9.551,162.346,100.763
23/01/2003,15.55,47.42,80.058,186.91,162.346
24/01/2003,38.08,41.7,45.501,4.436,186.91
25/01/2003,48.38,23.43,119.982,48.845,4.436
26/01/2003,53.03,21.58,46.189,208.056,48.845
27/01/2003,42.44,29.97,30.259,4.644,208.056
28/01/2003,26.61,17.1,4.362,98.72,4.644
29/01/2003,38.78,4,26.259,86.239,98.72
30/01/2003,8.84,20.64,135.151,126.121,86.239
31/01/2003,58,13.52,78.228,118.497,126.121
1/2/2003,56.43,14.01,28.216,57.424,118.497
2/2/2003,40.97,42.28,108.817,127.256,57.424
3/2/2003,48.65,39.16,48.615,120.994,127.256
4/2/2003,4.75,16.8,86.888,65.611,120.994
5/2/2003,22.31,55.94,47.14,14.395,65.611
6/2/2003,55.5,21.73,101.808,148.831,14.395
7/2/2003,59.57,27.72,73.116,48.922,148.831
8/2/2003,33.52,36.94,43.94,156.523,48.922
9/2/2003,28.79,20.71,117.071,205.664,156.523
10/2/2003,59.74,27.89,135.134,12.476,205.664
11/2/2003,36.14,6.93,41.601,115.74,12.476
12/2/2003,52.91,28.88,115.417,189.683,115.74
13/02/2003,55.53,51.35,102.912,71.21,189.683
14/02/2003,59.92,56.87,109.54,118.849,71.21
15/02/2003,57.96,50.6,15.405,124.042,118.849
16/02/2003,6.94,54.97,121.345,11.595,124.042
17/02/2003,19.69,13.32,122.394,180.7,11.595
18/02/2003,13.04,56.7,53.418,7.378,180.7
19/02/2003,45.79,26.31,95.035,150.853,7.378
20/02/2003,3.38,39.87,126.017,91.769,150.853
21/02/2003,5.07,46.27,32.087,90.705,91.769
22/02/2003,27.72,43.88,76.635,201.692,90.705
23/02/2003,23.64,35.41,36.59,189.403,201.692
24/02/2003,27.39,5.17,53.374,83.351,189.403
25/02/2003,58.07,20.02,90.725,3.59,83.351
26/02/2003,7.23,7.82,129.67,140.15,3.59
27/02/2003,25.98,37.12,63.906,93.854,140.15
28/02/2003,9.32,16.25,67.522,148.967,93.854
1/3/2003,48.12,44.69,114.259,62.577,148.967
2/3/2003,9.67,36.98,136.757,146.566,62.577
3/3/2003,28.38,34.72,48.707,191.394,146.566
4/3/2003,18.55,3.3,4.078,44.262,191.394
5/3/2003,29.25,50.81,39.963,127.351,44.262
6/3/2003,54,25.57,70.052,63.958,127.351
7/3/2003,11.83,16.02,44.803,174.133,63.958
8/3/2003,27.36,36.55,29.227,68.408,174.133
9/3/2003,24.45,4.87,39.513,114.926,68.408
10/3/2003,57.83,52.05,119.801,8.171,114.926
11/3/2003,45,50.06,26.35,7.79,8.171
12/3/2003,32.03,56.71,115.83,127.205,7.79
13/03/2003,53.29,3.66,63.816,59.918,127.205
14/03/2003,48.48,26.57,125.664,17.461,59.918
15/03/2003,46.29,26.2,56.531,43.733,17.461
16/03/2003,48.43,22.19,61.486,167.119,43.733
17/03/2003,13.5,6.62,77.52,174.369,167.119
18/03/2003,32.46,7.94,78.271,192.015,174.369
19/03/2003,52.43,34.3,11.059,75.222,192.015
20/03/2003,40.66,31.34,56.544,53.012,75.222
21/03/2003,45.93,29.93,21.996,124.123,53.012
22/03/2003,57.43,21.03,104.464,202.601,124.123
23/03/2003,9.12,30.44,93.386,73.498,202.601
24/03/2003,28.29,21.3,50.949,79.244,73.498
25/03/2003,20.05,55.47,24.366,10.91,79.244
26/03/2003,9.01,29.15,44.56,173.073,10.91
27/03/2003,25.34,48.99,90.961,177.564,173.073
28/03/2003,34.87,33.21,24.506,126.959,177.564
29/03/2003,7.76,3.25,90.807,44.061,126.959
30/03/2003,14.1,5.97,64.323,50.888,44.061
31/03/2003,32.11,44.79,30.38,33,50.888
1/4/2003,29.77,31.01,49.386,160.324,33
2/4/2003,18.4,14.73,112.026,170.596,160.324
3/4/2003,44.62,40.94,126.088,3.966,170.596
4/4/2003,36.2,56.74,27.788,75.687,3.966
5/4/2003,52.68,7.33,35.001,107.03,75.687
6/4/2003,54.25,36.67,120.766,37.772,107.03
7/4/2003,48.29,11.04,86.574,98.909,37.772
8/4/2003,39.35,13.86,17.732,41.655,98.909
9/4/2003,35.24,40.57,76.281,56.988,41.655
10/4/2003,52.66,5.08,109.177,81.977,56.988
11/4/2003,55.51,42.44,71.671,146.7,81.977
12/4/2003,51.68,23.98,131.553,149.845,146.7
13/04/2003,45.1,23.81,71.386,99.442,149.845
14/04/2003,27.94,42.24,96.815,8.707,99.442
15/04/2003,41.84,41.09,31.221,127.85,8.707
16/04/2003,50.61,11.32,83.168,49.424,127.85
17/04/2003,41.19,9.69,106.224,47.058,49.424
18/04/2003,37.29,36.61,17.584,138.566,47.058
19/04/2003,16.98,12.34,9.761,131.268,138.566
20/04/2003,51.03,39.34,27.566,143.295,131.268
21/04/2003,43.11,20.48,27.352,203.651,143.295
22/04/2003,4.55,37.18,39.241,185.764,203.651
23/04/2003,28.5,16.75,118.124,7.887,185.764
24/04/2003,39.96,10.02,4.837,180.096,7.887
25/04/2003,4.96,26.42,78.893,96.523,180.096
26/04/2003,34.61,14.55,135.67,84.983,96.523
27/04/2003,48.5,27.8,28.574,62.128,84.983
28/04/2003,55.2,19.28,27.62,50.216,62.128
29/04/2003,6.6,38.86,116.722,102.525,50.216
30/04/2003,5.05,7.16,52.857,63.89,102.525
1/5/2003,28.26,34.94,109.688,129.076,63.89
2/5/2003,36.22,20.25,8.255,6.45,129.076
3/5/2003,7.44,11.31,114.031,130.482,6.45
4/5/2003,15.55,22.59,106.784,39.096,130.482
5/5/2003,59.73,54.76,64.221,154.982,39.096
6/5/2003,49.76,41.47,53.363,70.321,154.982
7/5/2003,21.06,36.45,19.071,195.803,70.321
8/5/2003,9.58,23.47,82.014,142.233,195.803
9/5/2003,3.2,31.06,110.004,67.956,142.233
10/5/2003,52.36,36.23,25.353,29.442,67.956
11/5/2003,16.5,34.35,94.132,21.629,29.442
12/5/2003,49.72,13.2,101.246,8.859,21.629
13/05/2003,19.99,16.51,116.457,88.455,8.859
14/05/2003,59.91,35.99,108.147,57.39,88.455
15/05/2003,49.67,30.31,113.523,156.701,57.39
16/05/2003,54.66,9.77,34.838,130.288,156.701
17/05/2003,42.32,57.58,46.906,43.075,130.288
18/05/2003,44.19,30.1,125.606,127.979,43.075
19/05/2003,23.03,51,78.336,49.523,127.979
20/05/2003,43.93,44.28,7.884,33.73,49.523
21/05/2003,25.54,58.45,31.217,107.661,33.73
22/05/2003,17.17,57.23,133.197,164.499,107.661
23/05/2003,48.81,56.95,110.506,68.976,164.499
24/05/2003,46.77,41.85,115.897,183.392,68.976
25/05/2003,13.45,27.95,139.127,174.968,183.392
26/05/2003,26.36,19.84,11.561,104.904,174.968
27/05/2003,22.84,35.68,98.185,25.563,104.904
28/05/2003,49.3,29.8,73.759,180.34,25.563
29/05/2003,9.86,17.07,121.406,114.686,180.34
30/05/2003,55.18,46.74,75.798,40.352,114.686
31/05/2003,54.18,42.73,114.481,146.94,40.352
1/6/2003,17.53,41.07,21.678,95.122,146.94
2/6/2003,21.57,9.74,62.646,139.497,95.122
3/6/2003,10.23,52.13,27.886,72.065,139.497
4/6/2003,17.06,32.22,26.982,67.313,72.065
5/6/2003,20.19,33.46,114.219,13.334,67.313
6/6/2003,9.68,35.71,63.625,96.761,13.334
7/6/2003,21.6,17.11,122.837,93.329,96.761
8/6/2003,5.23,35.59,17.394,18.639,93.329
9/6/2003,3.43,23.12,6.102,209.869,18.639
10/6/2003,35.79,12.26,35.339,138.611,209.869
11/6/2003,33.72,58.69,93.931,28.767,138.611
12/6/2003,38.66,41.96,133.188,207.071,28.767
13/06/2003,23.86,34.8,31.078,145.026,207.071
14/06/2003,37.39,27.69,37.058,26.79,145.026
15/06/2003,27.91,42.09,29.891,169.684,26.79
16/06/2003,14.73,58.92,9.817,25.277,169.684
17/06/2003,55.04,35.55,123.084,122.2,25.277
18/06/2003,15.48,11.05,116.477,150.282,122.2
19/06/2003,4.56,32.07,88.15,148.99,150.282
20/06/2003,42.27,8.56,9.845,51.692,148.99
21/06/2003,48.94,19.81,88.391,162.179,51.692
22/06/2003,37.75,29.92,34.081,100.539,162.179
23/06/2003,44.37,21.46,52.999,208.577,100.539
24/06/2003,34.88,10.49,60.407,49.672,208.577
25/06/2003,42.06,24.02,55.88,121.87,49.672
26/06/2003,52.23,39.47,100.504,194.802,121.87
27/06/2003,42.62,19.93,115.018,132.25,194.802
28/06/2003,28.76,37.28,120.243,112.765,132.25
29/06/2003,53.01,20.95,61.76,140.501,112.765
30/06/2003,27.23,4.59,59.352,127.245,140.501
1/7/2003,16.02,11.95,85.98,76.405,127.245
2/7/2003,52.39,12.92,21.011,64.674,76.405
3/7/2003,38.25,22.75,128.318,6.759,64.674
4/7/2003,5.46,27.26,82.252,11.98,6.759
5/7/2003,46.15,47.46,38.755,200.63,11.98
6/7/2003,38.25,29.73,130.524,191.259,200.63
7/7/2003,43.54,20.85,118.198,205.544,191.259
8/7/2003,44.58,10.4,110.354,145.593,205.544
9/7/2003,12.96,24.79,63.765,18.038,145.593
10/7/2003,37.93,45.3,15.32,101.267,18.038
11/7/2003,57.21,30.7,125.164,33.307,101.267
12/7/2003,57.62,9.2,75.306,51.115,33.307
13/07/2003,19.82,3.02,21.911,163.372,51.115
14/07/2003,53.15,9.02,44.781,89.608,163.372
15/07/2003,30.68,56.05,138.39,87.444,89.608
16/07/2003,11.46,59.12,68.827,107.259,87.444
17/07/2003,37.75,34.92,110.223,64.872,107.259
18/07/2003,54.94,14.56,40.649,147.129,64.872
19/07/2003,44.41,15.37,131.314,84.396,147.129
20/07/2003,5.36,11.99,135.022,31.737,84.396
21/07/2003,25.33,19.87,21.164,109.377,31.737
22/07/2003,35.46,45.58,19.411,129.867,109.377
23/07/2003,52.14,33.35,114.006,92.92,129.867
24/07/2003,35.56,43.31,104.507,137.81,92.92
25/07/2003,26.74,55.93,39.77,164.919,137.81
26/07/2003,40.99,9.31,93.853,61.109,164.919
27/07/2003,17.71,45.79,20.933,115.947,61.109
28/07/2003,49.68,14.11,23.915,89.579,115.947
29/07/2003,30.52,15.12,111.281,119.204,89.579
30/07/2003,26,19.79,26.936,27.419,119.204
31/07/2003,4.07,39.22,52.131,86.904,27.419
1/8/2003,32.98,40.09,113.212,36.981,86.904
2/8/2003,34.74,43.11,130.204,119.171,36.981
3/8/2003,19.84,31.21,128.9,141.114,119.171
4/8/2003,58.45,9.15,14.906,102.845,141.114
5/8/2003,11.14,7.17,126.692,84.631,102.845
6/8/2003,35.92,17.32,128.815,113.108,84.631
7/8/2003,5.89,25.83,12.764,204.374,113.108
8/8/2003,36.14,17.7,65.142,63.787,204.374
9/8/2003,30.25,40.62,27.749,35.475,63.787
10/8/2003,13.1,45.4,49.263,146.353,35.475
11/8/2003,55.47,33.02,116.365,162.183,146.353
12/8/2003,12.37,26.93,117.288,16.629,162.183
13/08/2003,29.65,4.37,126.549,100.246,16.629
14/08/2003,52.55,50.21,24.99,150.854,100.246
15/08/2003,28.97,54.45,110.604,122.191,150.854
16/08/2003,21.25,20.47,10.461,36.636,122.191
17/08/2003,38.42,29.12,77.845,91.154,36.636
18/08/2003,28.33,50.54,84.109,6.962,91.154
19/08/2003,23.9,12.98,45.62,176.262,6.962
20/08/2003,14,50.32,19.49,3.424,176.262
21/08/2003,25.39,31.31,57.983,190.716,3.424
22/08/2003,23.94,56.08,65.814,26.982,190.716
23/08/2003,17.87,10.58,114.429,31.148,26.982
24/08/2003,23.49,3.54,23.354,25.739,31.148
25/08/2003,11.86,27.74,71.516,104.664,25.739
26/08/2003,52.76,30.34,3.292,198.206,104.664
27/08/2003,19.95,37.16,71.744,195.174,198.206
28/08/2003,37.49,48.61,40.731,62.078,195.174
29/08/2003,53.19,30.83,24.381,10.808,62.078
30/08/2003,45.88,13.6,76.368,102.119,10.808
31/08/2003,56.24,32.03,13.95,30.687,102.119
1/9/2003,48.02,15.1,55.204,48.18,30.687
2/9/2003,35.83,7.23,83.647,182.208,48.18
3/9/2003,45.37,59.7,139.205,146.098,182.208
4/9/2003,7.61,41.11,30.769,164.946,146.098
5/9/2003,9.83,21.57,10.663,35.803,164.946
6/9/2003,49.34,39.97,130.769,159.979,35.803
7/9/2003,57.45,50.91,100.251,35.053,159.979
8/9/2003,40.9,57.18,98.152,189.703,35.053
9/9/2003,50.34,45.98,33.557,134.295,189.703
10/9/2003,28.24,59.84,128.098,121.001,134.295
11/9/2003,23.71,17.63,52.281,3.983,121.001
12/9/2003,17.11,45.39,68.47,16.058,3.983
13/09/2003,16.62,5.74,60.42,156.804,16.058
14/09/2003,50.14,58.09,67.584,103.672,156.804
15/09/2003,38.34,41.22,41.859,22.397,103.672
16/09/2003,51.37,56.27,61.086,139.74,22.397
17/09/2003,28.18,52.68,53.323,29.212,139.74
18/09/2003,58.7,45.25,78.249,19.155,29.212
19/09/2003,29.75,5.66,133.962,118.333,19.155
20/09/2003,17.25,52.81,57.764,67.736,118.333
21/09/2003,23.33,49.26,46.597,118.45,67.736
22/09/2003,21.74,44.57,6.716,54.24,118.45
23/09/2003,55.47,10.75,119.736,168.961,54.24
24/09/2003,25.45,43.13,33.451,125.538,168.961
25/09/2003,52.25,11.33,116.629,21.594,125.538
26/09/2003,7.17,34.87,130.534,73.152,21.594
27/09/2003,51.42,17.39,137.87,43.338,73.152
28/09/2003,30.92,5.01,121.144,19.27,43.338
29/09/2003,12.67,46.09,4.721,87.418,19.27
30/09/2003,59.42,53.36,5.707,138.428,87.418
1/10/2003,44.48,38.83,81.866,184.076,138.428
2/10/2003,21.6,7.41,134.664,14.826,184.076
3/10/2003,53.62,57.12,116.015,100.983,14.826
4/10/2003,27.28,14.71,61.395,58.821,100.983
5/10/2003,28.16,34.2,46.475,106.912,58.821
6/10/2003,46.94,4.17,87.382,52.967,106.912
7/10/2003,40.42,11.21,73.916,60.918,52.967
8/10/2003,7.4,52.28,15.049,34.54,60.918
9/10/2003,55.16,22.34,45.063,167.588,34.54
10/10/2003,55.06,30.17,101.053,60.01,167.588
11/10/2003,29.45,37.65,11.658,67.906,60.01
12/10/2003,54.69,42.75,97.32,96.512,67.906
13/10/2003,36.99,45.03,137.737,72.39,96.512
14/10/2003,49.88,56.22,89.476,19.817,72.39
15/10/2003,40.29,30.84,22.099,8.775,19.817
16/10/2003,8.88,40.95,66.85,168.387,8.775
17/10/2003,32.62,43.5,71.357,33.906,168.387
18/10/2003,40.35,47.32,122.236,136.763,33.906
19/10/2003,16.51,16.77,139.595,17.613,136.763
20/10/2003,10.14,12.82,100.357,125.678,17.613
21/10/2003,13.12,55.55,97.717,87.842,125.678
22/10/2003,54.2,4.48,119.598,141.83,87.842
23/10/2003,29.08,15.7,93.601,135.943,141.83
24/10/2003,37.4,39.67,77.479,192.959,135.943
25/10/2003,42.3,47.82,53.456,67.182,192.959
26/10/2003,52.58,43.61,20.835,204.088,67.182
27/10/2003,32.3,43.38,14.876,180.254,204.088
28/10/2003,22.15,3.76,64.069,159.91,180.254
29/10/2003,15.83,5.77,53.821,143.474,159.91
30/10/2003,24.45,50.65,98.167,183.959,143.474
31/10/2003,37.47,49.93,8.234,165.2,183.959
1/11/2003,5.03,20.01,50.53,184.473,165.2
2/11/2003,36.46,49.09,62.428,74.123,184.473
3/11/2003,33.02,44.89,83.959,41.314,74.123
4/11/2003,54.64,35.7,41.189,95.753,41.314
5/11/2003,25.99,39.11,95.651,69.017,95.753
6/11/2003,13.43,32.99,110.705,98.877,69.017
7/11/2003,15.11,12.04,15.453,23.33,98.877
8/11/2003,50.03,33.14,135.28,99.756,23.33
9/11/2003,24.07,22.92,12.309,101.058,99.756
10/11/2003,56.76,21.82,43.648,119.241,101.058
11/11/2003,10.89,53.66,59.238,113.182,119.241
12/11/2003,46.6,31.09,50.946,43.137,113.182
13/11/2003,44.18,42.76,79.375,169.786,43.137
14/11/2003,22.55,18.35,72.229,100.818,169.786
15/11/2003,15.29,40.4,72.171,69.994,100.818
16/11/2003,19.44,41.43,101.648,48.786,69.994
17/11/2003,13,30.12,111.14,116.657,48.786
18/11/2003,53.86,38.85,127.255,84.499,116.657
19/11/2003,9.73,12.68,37.172,3.321,84.499
20/11/2003,29.59,51.79,5.501,151.87,3.321
21/11/2003,42.91,11.01,89.137,163.825,151.87
22/11/2003,44.13,43.28,19.489,78.091,163.825
23/11/2003,24.81,59.55,55.251,126.901,78.091
24/11/2003,8.29,7.69,23.948,139.669,126.901
25/11/2003,42.46,38.91,101.763,53.822,139.669
26/11/2003,56.8,44.05,130.733,8.388,53.822
27/11/2003,45.63,16.65,88.924,163.205,8.388
28/11/2003,16.5,27.46,77.586,157.563,163.205
29/11/2003,36.2,20.86,20.126,59.251,157.563
30/11/2003,42.28,41.04,41.968,133.66,59.251
1/12/2003,27.94,40.31,118.893,151.888,133.66
2/12/2003,45.99,52.49,46.195,208.722,151.888
3/12/2003,31.3,9.65,102.852,113.973,208.722
4/12/2003,40.59,15.05,85.259,129.785,113.973
5/12/2003,7.86,14.06,5.82,52.082,129.785
6/12/2003,20.62,11.77,26.974,75.012,52.082
7/12/2003,14.08,8.54,72.106,48.089,75.012
8/12/2003,34.81,10.86,99.891,29.278,48.089
9/12/2003,42.56,36.64,13.686,185.512,29.278
10/12/2003,22.11,8.8,68.097,19.57,185.512
11/12/2003,29.36,46.76,54.05,72.285,19.57
12/12/2003,12.24,11.61,47.02,43.185,72.285
13/12/2003,45.27,11.59,100.16,206.579,43.185
14/12/2003,44.09,21.13,64.859,49.959,206.579
15/12/2003,42.17,53.28,68.831,123.293,49.959
16/12/2003,35.78,15.34,24.296,145.847,123.293
17/12/2003,22.15,48.72,67.346,155.639,145.847
18/12/2003,27.76,46.12,80.823,171.098,155.639
19/12/2003,49.53,27.64,75.044,95.969,171.098
20/12/2003,51.65,21.55,87.574,39.682,95.969
21/12/2003,48.12,7.34,23.449,209.134,39.682
22/12/2003,49.68,23.01,33.669,22.615,209.134
23/12/2003,10.42,12.39,111.137,133.538,22.615
24/12/2003,4.95,27.6,8.202,183.898,133.538
25/12/2003,54.34,51.49,8.918,115.107,183.898
26/12/2003,48.82,35.82,34.468,129.715,115.107
27/12/2003,44.66,8.17,125.089,96.61,129.715
28/12/2003,59.71,35.29,116.039,125.576,96.61
29/12/2003,56.09,51.77,48.138,21.064,125.576
30/12/2003,28.92,31.12,9.518,167.055,21.064
31/12/2003,20.58,47.29,129.703,121.972,167.055
